export_res_ 1,export_res_ 2,export_res_ 3,export_res_ 4,export_res_ 5,export_res_ 6,export_res_ 7,export_res_ 8,export_res_ 9,export_res_10,export_res_11,export_res_12,export_res_13,export_res_14,export_res_15,export_res_16,export_res_17,export_res_18,export_res_19,export_res_20,export_res_21,export_res_22,export_res_23,export_res_24,export_res_25,export_res_26,export_res_27,export_res_28,export_res_29,export_res_30,export_res_31,export_res_32,export_res_33,export_res_34,export_res_35,export_res_36,export_res_37,export_res_38,export_res_39,export_res_40,export_res_41,export_res_42,export_res_43,export_res_44
103.6858,32.0086,NaN,735928,735952,735976,736000,736036,736060,736084,736108,736132,736156,736180,736204,736252,736276,736300,736324,736348,736372,736396,736420,736492,736540,736564,736588,736618,736642,736666,736690,736714,736738,736744,736756,736768,736780,736792,736804,736816,736828,736840,736852,736864
103.6593,32.07623,0.893294,2.618124,2.33592,4.758702,0.09253813,-0.1664538,1.949949,1.715571,-1.307807,1.79273,-6.05818,-3.206532,-1.339418,-1.567588,-6.165465,-1.213213,-1.268499,-0.2639305,1.486266,-2.34378,-4.767615,-4.999602,-8.587611,-4.539818,-3.23835,8.183805,0.7191682,0.9346859,1.958997,2.251013,0.9258364,1.002071,-0.9461137,2.303072,-0.6844858,1.730729,1.402973,5.139461,-2.064493,4.46079,6.764603,1.905784
103.6605,32.07757,-0.6635972,4.704589,5.142973,3.940573,2.525359,1.116374,2.310292,3.04355,3.153184,4.374765,2.532694,2.24969,0.5838029,0.6175361,-2.686396,-1.7853,-1.923793,-3.184465,-3.282528,-3.807634,-4.30227,-3.746402,-5.077873,-3.974664,-4.500634,-2.768277,-0.4899369,1.138439,1.125095,0.01862322,0.3138282,0.225255,0.2661017,1.292016,1.692333,1.568737,2.252295,3.292621,2.265435,4.056991,-2.272646,-0.2914702
103.6603,32.07773,-0.3947018,3.539607,2.304738,1.052217,1.069389,1.107527,1.242238,3.380034,3.207507,6.040388,1.689609,3.683382,1.304423,1.545994,-0.8588557,-0.07327284,-3.496544,-4.255298,-3.854739,-2.578066,-2.9392,-4.118248,-4.260851,-3.518883,-4.120876,-1.720882,-0.6985942,-1.608645,-0.2969342,-1.004982,-0.04210088,-0.4273313,-0.7187817,1.429239,0.9754638,2.976616,1.801768,2.351871,2.961557,5.63073,-0.3916054,2.255028
103.6626,32.07751,-0.3005612,3.834322,2.354593,2.212515,2.314439,-0.2398139,3.624066,4.991144,2.625513,4.706068,2.476967,2.598953,2.99391,0.7137524,-2.064613,-2.559413,-4.999738,-4.745575,-4.689995,-3.077323,-4.92155,-1.52997,-3.834003,-0.52325,-4.598579,-1.967707,-0.6300884,0.1250977,0.2528584,-0.08068379,1.25332,-0.6189209,1.705031,1.963099,1.169254,2.084698,0.4432715,2.940991,1.106429,4.045278,0.1659516,2.908825
103.661,32.07776,-1.160502,7.81152,4.9707,9.255333,9.059308,1.581338,3.398376,4.719232,0.193173,0.404384,1.443565,-1.511117,4.730322,6.38773,-1.632865,-7.910864,0.1180464,-4.744802,-4.542476,-3.151454,-2.055454,-1.904496,-13.3084,-7.487938,-15.36825,-4.722363,0.07292175,-1.160393,0.2270477,3.781122,2.776198,0.4538491,3.045479,3.777303,-1.183825,2.818886,5.028526,3.165633,3.929842,1.937888,-1.265077,-0.289797
103.6607,32.0778,-0.9417713,3.68154,2.734965,3.91622,5.456525,3.16077,2.466686,3.928742,0.9076235,5.413617,1.401942,4.184992,1.500015,0.658191,-1.726681,-1.868076,-0.5546782,-4.00111,-3.602252,-1.023404,-6.80453,-3.732325,-5.105117,-5.587723,-2.062176,-5.429349,0.9206299,2.452287,0.9209719,-0.489777,-3.040277,1.473958,0.5477562,1.07696,1.577407,1.858796,0.1852862,0.6256312,1.237758,5.219432,-1.364331,2.062079
103.6622,32.0777,-1.546996,5.965975,3.485724,2.487528,2.901277,0.3572406,3.787106,4.183156,2.69334,6.578045,3.575537,5.681553,1.945214,3.978944,-1.229286,-0.9608505,-0.5484264,-3.95136,-4.537959,-3.423566,-3.661788,-0.02819213,-2.723941,-3.841439,-5.01105,-2.153431,0.1975521,-1.572438,-1.540164,-1.932031,-2.068729,-1.020052,-0.3280074,-0.1455446,0.7250986,1.982929,0.938323,1.522541,2.245859,1.489943,-1.835845,0.8063112
103.6619,32.07774,-0.6362272,4.323615,3.239311,1.057297,0.8029993,1.412338,3.620677,5.002561,2.372725,4.672868,1.602319,4.332904,2.007066,1.710589,-2.273266,-1.278548,-2.755397,-3.05621,-4.684005,-3.081201,-3.416217,-0.4259403,-4.62163,-2.670573,-4.680306,-1.657383,0.08405548,-0.2709018,-0.3548565,-1.401599,-0.8827767,-0.1403482,0.9529768,0.4482681,1.026133,1.755835,2.705336,1.60431,2.319716,3.997695,-1.161051,1.918415
103.6608,32.07791,-0.4892265,4.112531,3.998707,0.5086007,1.607176,1.868596,4.021725,3.280897,3.436028,1.124287,8.786291,2.22193,0.2595639,-1.532168,-1.485943,-2.02158,-3.478984,1.708894,-5.761929,-0.5650203,-5.470904,-4.46566,-4.106812,-4.409179,-4.007108,-3.176704,3.412307,0.3836845,1.629046,-0.3710985,-3.173253,-2.304464,-2.790289,1.524885,2.341471,1.101647,3.563772,2.385321,3.034621,1.95164,-1.089772,7.309202
103.6604,32.07797,-0.3027073,3.24941,2.048404,-0.6670507,2.35363,4.071319,2.985019,1.571596,5.097744,3.821063,-0.8675557,2.287448,1.858355,0.8182969,-1.016183,-3.898034,-3.631705,-2.94,-4.857654,-4.384227,0.8185916,1.506776,-0.995273,-3.545866,-4.754654,-1.289217,1.947873,0.3821228,1.424781,-2.009571,-1.889189,-2.076217,0.2138357,0.7853719,0.5709001,1.627036,1.380096,1.868858,0.7471394,2.436656,2.286473,5.71127
103.6629,32.07772,1.095131,-0.2818403,-1.573303,-3.594867,-3.52685,-2.815468,1.274253,2.32564,0.4670138,5.620863,0.9272944,0.2596612,0.1357529,2.623122,-2.772276,0.1592096,0.3464125,-3.864206,-2.150276,-1.943356,-1.721264,-2.753294,-1.896954,-0.6734511,-3.855577,0.09683876,4.89106,-0.3917601,-2.193091,-0.1416978,1.440464,0.3829415,2.466528,1.113417,1.246613,4.297622,1.698848,0.9606361,0.4148701,4.68725,1.611507,4.782319
103.6624,32.0778,-0.9285826,5.702755,3.662806,0.08484684,1.754942,1.156341,3.770473,4.096715,2.415765,6.18462,3.311867,3.234474,2.628405,2.014532,-0.7870125,-1.227002,-3.085667,-4.157112,-4.469295,-3.630096,-3.761574,-1.535054,-2.529793,-1.4517,-3.436808,-1.784332,0.279841,-1.644783,-1.017926,-0.3939705,-0.8773998,0.1102766,-1.911318,0.2501344,-0.06619771,1.255973,2.644297,2.343053,1.155978,4.240686,-0.6780576,0.2304972
103.6628,32.07787,-0.3530765,1.489512,1.080338,-0.7839969,2.052025,-0.3148619,-0.5341909,1.827648,2.534358,5.253122,4.622094,2.6596,3.789823,3.055368,-2.174532,-2.922761,-2.183298,1.790727,-2.857146,-2.232636,-3.405371,1.475266,-2.813046,-3.952234,-1.590501,-0.4515895,-0.6865473,0.09736755,-1.917979,-3.265906,-6.545538,-2.19011,-1.066711,0.6134062,2.251768,2.201107,3.225493,5.821629,2.930257,5.128325,-1.927172,3.771091
103.6627,32.07788,-0.409404,3.6019,-0.3565373,-0.1814404,0.1883017,-0.8010249,0.8442414,1.966499,6.089689,6.242991,2.277219,4.798212,2.210905,3.080598,-2.157592,-0.9883163,-1.632556,-7.810511,-4.30005,-1.103535,-2.480324,0.6214603,-2.390541,-3.336995,-2.326456,-0.5601795,1.996826,-0.02598696,0.2047192,-2.342881,-1.643597,0.02060057,0.7140398,1.048948,1.782819,1.728882,0.764021,-0.2486348,1.830533,2.618239,1.369371,0.5834119
103.662,32.07798,-1.820712,4.996704,2.018416,1.828655,-0.9566883,5.799543,3.767437,7.190899,2.98435,5.850297,3.912124,5.814319,3.430036,3.079986,0.3672976,-2.303475,-1.659058,-2.896668,-4.329973,-0.125137,-2.535594,-0.0528142,-6.457218,-1.143314,-3.309081,0.3921669,-0.2327287,-1.633908,-2.524874,-3.656979,-3.233576,-3.304919,1.237985,1.016136,-0.3677647,2.557914,0.5717157,0.7825578,2.980283,1.916448,-3.440427,-1.496069
103.6634,32.0779,2.502851,-1.231146,-3.938781,-4.620764,-2.716045,-5.356346,-1.54844,0.01936565,0.1828423,3.662432,2.283582,0.5145006,-0.7676768,-0.3976111,-2.775097,-1.793986,-2.402442,-4.174891,-2.865676,-2.766807,-4.717208,-1.03767,-1.895561,-1.050935,-0.7892806,1.186024,0.129492,0.867631,1.203673,1.135285,0.9028165,0.6737087,0.1539135,3.638131,1.203493,4.656228,4.496815,3.241822,5.607285,6.319071,3.549765,6.133218
103.6633,32.07792,1.479732,-0.1606452,0.4687576,-2.141723,-1.778593,-2.93679,-1.257427,-0.1779328,0.9524674,2.188402,1.202431,1.226532,-0.4567457,1.027313,-1.179478,-2.102337,-2.686363,-3.556938,-3.910692,-1.686242,-2.770599,0.4828873,-1.337699,-1.896066,-1.079177,-0.6648923,0.5949214,-0.1810558,-0.3802986,-0.2922316,-0.2286872,-0.7840033,0.1875202,1.772918,1.330747,4.460385,4.171772,3.19379,3.51311,6.812123,2.240783,5.272993
103.6632,32.07794,1.703432,-1.188698,0.03438725,-2.473394,-1.23057,-3.996237,-2.511953,1.873481,2.483131,2.837748,-0.8432215,5.455364,-0.5515271,-1.090808,-3.446939,-3.260822,-2.784903,-0.8587539,-4.305326,-2.950818,-1.628474,-3.126377,-3.335702,-1.138155,-4.00538,1.655802,6.919113,0.4137077,-0.6858785,-0.7067101,-0.5720561,-1.848072,0.9095807,3.269792,0.900399,6.120612,1.654823,5.281621,3.880632,6.709855,-0.06159965,8.947815
103.6635,32.07801,1.579447,1.547038,-3.458648,-1.981473,-0.7411568,-0.749047,0.8541451,4.900178,-0.9834296,1.920057,-1.216605,-1.791534,-3.435469,0.1090964,0.7618786,-2.313703,-1.549356,-3.879568,-2.616052,-4.791741,-4.483481,1.95586,-3.624897,-2.573076,-4.123021,0.5767742,0.6680696,1.281476,0.8307873,-0.2351517,7.031034,0.1410554,-0.1622761,-0.2490558,2.797742,3.316509,1.541272,2.697258,4.11127,6.732224,-2.568182,6.251932
103.6635,32.07802,1.908749,-2.71832,-3.079714,1.379246,-5.39182,-0.5461452,-0.9614217,3.999081,-1.992894,-1.96813,4.814314,1.359448,0.6547194,-1.662752,-2.818032,-0.3668112,-2.012361,-5.457989,-3.323523,-3.265902,-5.575856,2.150868,0.7853792,-2.804166,-3.515958,0.7002745,1.067546,-0.8445153,3.339199,-0.5016211,0.1240522,3.61738,-0.3318629,3.928711,3.137763,1.885925,3.814771,3.8798,3.747138,6.634657,0.1925142,3.713733
103.6636,32.07812,1.432251,-2.701573,-1.368184,0.1271482,-1.675413,-3.561942,-1.494918,0.6007221,-1.653153,1.165202,-0.198835,0.6190946,0.6759934,3.03663,0.1628094,-2.806227,-2.05587,-2.365861,-3.262356,-2.462801,-1.069745,1.634065,-1.047218,-1.026055,-3.410657,-3.196944,3.336443,0.6183853,0.9091105,1.243479,0.6430911,0.643172,0.4331148,1.48545,1.032256,4.14006,0.8932129,3.429308,3.118774,4.00238,0.5826806,3.887533
103.6635,32.07814,1.792349,1.264239,0.9233675,-2.431612,-1.498269,-1.473397,0.5545895,-1.021357,3.013774,3.47425,1.597806,-0.9516014,0.3713669,-0.7626366,-2.865276,-3.703158,-4.150418,-6.22047,-6.12359,-5.853359,-2.632989,4.559746,2.866689,-0.1335091,-0.7327531,2.241982,-3.029647,-1.435998,-1.563057,-0.2227873,-1.113723,0.9357525,-2.411645,-0.1494009,2.904846,5.850343,2.359056,4.69832,7.108859,7.795348,4.844458,5.580282
103.6629,32.07823,-0.1762131,0.8415951,1.165978,-1.374832,-1.651784,-2.455962,3.309141,1.544008,7.254577,5.746725,5.178321,1.512251,3.22221,4.495804,-1.020848,-0.8122339,0.5730547,-3.811342,-6.709834,-5.601389,-4.794245,2.521552,-2.324073,-1.533306,-3.729478,-2.291329,1.117684,2.843247,-0.6032385,-0.2792852,0.02511615,-1.069657,-2.560885,3.586853,-0.4895413,1.610882,1.412079,2.719723,1.083244,6.29522,-1.541258,-1.52295
103.6627,32.07839,-6.557613,13.16853,8.045484,7.117994,10.52722,17.90408,5.115402,8.07324,9.25822,10.94098,5.712076,7.012472,3.640605,4.988535,2.699728,-0.6138435,-1.46381,-2.556731,-2.44737,-0.09764814,-3.466479,-0.3905334,-2.870811,-3.705904,-4.868129,-4.59562,-1.237091,-1.63371,-0.9865047,-3.575717,-5.466168,-4.892337,-1.860948,-1.614429,-5.83204,-2.885103,-1.352248,-3.778941,-2.638106,-5.392985,-10.67912,-14.30875
103.6626,32.0784,-6.38208,6.215661,8.968374,7.823067,6.833639,6.828629,9.755422,10.49012,10.42403,11.49129,7.14608,9.700407,8.342141,8.157882,2.100441,1.371396,-0.3004708,-0.9057893,-1.270457,-1.542206,-5.110387,0.9437713,-5.158671,1.520429,-2.533248,-4.371962,-3.668234,-4.922799,-8.828382,-7.707371,-4.17203,-4.691343,-0.6069058,-2.569521,-2.910094,-1.894055,-0.3508,-3.193561,-3.131401,-2.285098,-8.48423,-14.40527
103.6626,32.07841,-8.781529,10.30236,14.77485,13.77686,12.07473,9.32657,10.69344,11.69442,9.259629,10.91737,7.98788,7.922991,6.842793,7.0342,2.94601,2.117023,3.020162,0.6317657,-0.1722737,-1.197967,-1.258568,0.4989113,-5.288003,-0.02000073,-4.644873,-5.253963,-0.9241224,-3.518793,-3.61343,-2.152656,-5.377897,-3.876423,-4.823389,-6.522667,-5.852088,-6.539401,-5.91344,-6.331881,-6.219841,-7.466874,-16.02522,-22.25763
103.6627,32.07852,-5.335654,7.442682,8.73867,6.124424,4.128463,4.123961,8.316912,9.501945,7.280239,7.980297,6.936104,7.801505,5.294247,5.758226,1.85122,0.8406011,-2.00102,1.432269,-2.692106,-3.599187,-0.6784955,1.067091,-3.315976,-0.2575026,-4.912515,-3.714826,0.2771416,0.2631029,-1.091461,-0.5355853,-3.472673,-0.7743155,-5.374334,-0.6070322,-2.849031,-2.425205,-3.416744,-3.040306,-3.79684,-6.360185,-12.58183,-16.65837
103.6622,32.0786,-9.294782,12.00297,12.03229,12.89912,11.06444,8.130369,7.798814,12.95006,10.23475,12.48067,7.394774,12.4611,6.351314,8.614573,4.714486,3.068563,2.741722,-1.030972,0.780605,-1.2648,1.574771,5.46344,0.4993746,-3.518904,-3.441562,-5.399824,-2.658414,-5.641048,-5.818977,-5.050975,-6.517941,-5.690908,-8.516049,-6.573352,-7.256834,-6.61068,-7.803965,-6.275688,-6.213812,-7.458572,-17.05264,-18.43661
103.6621,32.07861,-7.854826,10.91598,9.885054,13.47795,14.00269,4.289289,11.38329,10.91302,12.64634,15.82702,10.87681,7.607751,2.677245,3.384368,0.2108237,1.023794,1.011886,-2.088416,0.7106653,-1.462494,-1.765651,2.089401,-3.631832,-5.54218,-1.59874,-3.656467,-5.032312,-2.104888,-2.040334,-5.75275,-5.017712,-6.503959,-10.29986,-3.123054,-4.976136,-5.10421,-4.760311,-3.355239,-7.067146,-5.3565,-11.27593,-12.28013
103.6637,32.0785,1.509557,-0.412547,-2.380347,-2.619054,-2.262434,-2.333587,-0.5588335,3.375066,-0.3376477,2.856624,2.407346,0.8462593,0.9726843,1.215863,-0.47187,-2.483026,-2.823762,-5.270495,-4.260228,-3.4254,-2.995794,1.487453,-1.514864,0.6806595,-2.1279,0.3959979,1.029495,-1.123665,-0.933974,0.7563315,0.3557397,1.351147,-0.5928921,1.904815,1.029174,3.305117,2.500587,3.088761,3.289132,6.112309,2.293925,5.907731
103.6635,32.07853,0.5333111,2.903041,1.181603,-0.02300305,-1.605664,-0.3535789,-0.7870298,1.264676,-0.1504258,1.273839,0.8720945,1.408422,2.21896,1.283807,0.7289307,0.129163,-4.955233,-8.098984,-2.120406,-0.8781325,-4.986421,1.111378,1.789253,0.9700769,-1.669756,-1.812975,0.9153004,-0.8410037,-5.384145,-0.3843959,2.066338,1.322254,0.1082957,1.86803,1.041986,1.89553,2.899495,2.382212,2.64276,-0.9765229,0.491788,7.184362
103.6624,32.0787,-10.8345,14.36264,15.12766,12.15588,13.46652,10.93335,10.28991,9.999578,11.97632,11.98607,18.45282,7.770552,2.92341,9.180717,7.435202,5.960645,3.887133,1.329184,2.179896,3.833598,2.854035,0.2264689,-6.572462,-5.451834,-9.322179,-1.945073,-2.683814,-6.486545,-5.054103,-3.518336,-6.306958,-5.973282,-10.0759,-5.776953,-7.314109,-5.541273,-10.7457,-12.91546,-11.19358,-11.45366,-13.31267,-23.93122
103.6622,32.07872,-9.483736,11.47429,14.34255,12.15929,12.30266,6.55793,12.05556,13.74712,5.486653,12.12807,9.84498,9.655984,6.842955,7.68924,6.080146,4.11614,2.78635,1.334775,1.505692,2.077388,1.399225,4.194289,-3.618181,-7.455914,-13.15977,-9.367105,-0.00770285,-2.325038,-4.587123,-1.719033,-6.89991,-2.916316,-4.499784,-3.264877,-4.781036,-5.588581,-7.425779,-7.711288,-9.30415,-12.38915,-20.01413,-19.72686
103.661,32.0789,-7.58019,14.95501,13.46111,10.34362,9.054111,15.45324,14.93303,10.06552,10.33379,3.050094,7.386691,-0.9602773,5.75334,3.660497,4.9138,3.908878,3.842885,-2.009167,-0.2178324,-4.656003,-3.545387,0.7455624,-4.166329,-3.883058,-14.50643,2.141446,-3.650087,-2.299422,-4.374218,-4.371123,-1.156091,-1.612438,-5.930081,-2.657102,-3.136736,-2.266222,-2.704721,-5.085061,-4.790396,-19.05142,-19.58202,-3.435984
103.6639,32.0786,1.640478,-0.8592517,-1.884415,-2.552179,-3.227376,-4.635431,-0.7463596,0.3428172,3.441173,3.689572,2.010985,1.067765,1.797459,3.175515,-3.086814,-2.386069,-3.223544,-4.704093,-4.34028,-3.591236,-4.295526,2.022248,-0.7911611,2.31447,-0.3699011,1.175303,1.026601,-1.461306,-1.038517,-1.154463,-0.6363592,-0.2834925,-1.08548,1.95431,1.238206,4.353089,3.979162,4.680328,4.151569,5.643278,3.128135,5.402434
103.6628,32.07875,-14.20873,14.59794,13.63878,15.16172,14.40418,10.6389,14.01637,17.76028,16.58225,15.63349,18.33195,14.21802,13.59978,13.25591,10.45353,10.7487,5.222138,2.512866,2.162302,0.003708044,2.087677,2.820559,2.705258,-2.21727,-6.299581,-6.853236,-6.501902,-4.751037,-2.502597,-12.25427,-14.57565,-11.42901,-9.40263,-11.00242,-7.927132,-9.646516,-10.05026,-11.34036,-17.10403,-16.70964,-23.24353,-28.18211
103.661,32.07903,-1.448265,9.411155,11.56901,9.767665,3.365885,-3.213148,-3.511795,4.264771,4.948694,4.370849,4.029754,3.526083,-2.866853,2.112286,2.033323,-0.08420952,-2.346518,-3.328261,-1.565914,-4.033336,-3.930469,-4.444991,-13.88426,-10.83619,-11.47301,-2.595145,-4.070986,-4.887899,-2.635756,1.408167,-0.8871592,-0.8025433,-5.505175,-0.2407191,-1.385208,7.154901,1.320429,-3.233758,7.032581,8.697885,9.344001,5.057933
103.664,32.0787,3.322618,-4.106655,-2.921918,-4.857557,-3.218765,-5.387501,-1.968112,-1.2347,0.5570951,0.9501253,-0.1057557,-1.331719,0.543421,0.9855219,-2.439667,-2.006785,-4.592041,-4.25033,-6.584605,-6.912593,-5.432689,0.60734,1.092072,0.6496682,0.905791,2.812413,-0.6537473,-0.4396805,1.063959,5.303356,3.716425,4.080245,-1.3108,2.87246,4.629342,3.172596,3.783262,8.170097,1.853389,5.861084,1.897081,6.72493
103.6634,32.0788,1.401452,-0.8902694,0.7845789,-4.68926,-4.024175,-4.686102,-3.32524,-1.687438,0.1951424,0.280778,1.377487,1.21356,2.49927,2.903709,1.974386,-3.457897,-1.173236,1.768395,-0.9573449,-6.369629,-3.348265,3.798168,1.700274,0.6362038,0.7324602,0.6497778,4.307858,-2.41502,-1.401943,-3.692554,-1.45021,1.691422,-0.1831624,2.035327,0.0005303783,2.906532,3.769342,2.509656,2.910304,4.974968,0.2352007,5.087514
103.6633,32.07881,0.2941857,-0.6070837,-2.111564,-4.483168,-5.053212,-0.1906873,2.794144,3.148639,3.241138,5.083716,3.211231,7.950676,6.833946,2.471411,-0.6877375,-1.992001,-2.37325,-6.47873,-3.207841,-2.991755,-0.2774988,1.283589,-1.65942,-1.793673,-0.8314907,-1.684656,-0.7927998,-1.722254,-1.170459,-1.252605,-0.167166,-0.86545,-0.6112111,1.210787,-0.1818577,1.626005,-0.5151544,2.974334,3.376965,5.291224,-0.1341036,4.528019
103.6627,32.07891,-14.78937,19.40444,15.117,16.27946,15.95797,15.52021,16.59184,17.67492,14.38851,16.88946,17.39941,13.10893,14.07276,14.42154,7.771689,6.211205,6.331221,2.977612,1.898823,1.008846,0.9346886,1.96167,0.9258437,4.3805,-7.581302,-0.3565741,-4.051844,-9.209948,-8.205938,-12.03879,-11.61432,-13.30519,-11.67481,-10.83848,-13.92745,-7.702417,-13.1337,-21.53042,-8.539453,-14.23361,-23.46242,-24.57455
103.6636,32.0789,-0.2460874,5.307106,3.450623,2.807854,-2.971122,-2.650813,-0.8779709,2.958702,2.776204,4.52932,0.7748743,0.7497758,2.494277,2.521875,2.050332,-1.014779,-5.082339,-4.363968,-5.61045,-4.173496,-2.517622,2.209805,-3.011339,1.315557,2.240544,-0.7710186,1.009917,-1.648949,0.9263963,-1.44132,-0.8964403,-2.634732,-3.54196,-0.9870029,-1.054658,1.316754,1.614605,3.638314,4.76642,5.075531,0.2398047,-0.2053353
103.667,32.07851,2.210351,-4.691118,-2.935239,-2.022695,-2.161219,-6.502481,0.5318407,2.129905,-0.7366334,4.529227,1.548291,2.97321,-0.826246,1.906015,-3.103142,-4.825862,-2.249775,-4.518895,-3.932788,-5.62899,-6.097872,2.08377,2.51571,4.590407,1.940551,0.4507731,4.063606,-1.038594,-1.590709,-1.222673,-0.5633749,0.2350365,-0.5979885,2.192418,1.666884,6.439496,4.669859,6.602579,4.792768,6.927434,1.271966,1.589037
103.6634,32.07892,0.915507,-0.9111194,-0.1648919,-0.8145058,-1.57323,-6.634863,-2.403425,2.81857,5.757351,5.60355,1.389932,1.477132,0.2773768,1.543881,-2.461905,-1.762697,-2.746795,-3.413961,-4.715547,-3.034427,-1.07117,4.087976,-2.513868,2.856626,-2.94463,-0.2846895,0.2893721,-1.432397,0.3271403,0.7338989,0.05813693,-0.9827068,-1.801577,1.592894,-0.2855895,2.47144,0.1764765,2.266419,3.606108,7.488306,0.3322478,4.13957
103.6632,32.07896,-19.37301,19.61767,17.95227,16.04437,17.17154,16.39285,17.81622,18.76751,18.55002,20.66645,18.77873,21.64207,18.10827,18.80748,14.42786,12.79392,11.05386,9.83856,9.341416,11.49951,10.28987,14.85534,10.99521,9.958553,-17.54974,-18.26687,-18.06548,-19.86535,-19.52301,-19.53977,-21.12825,-19.66557,-21.96066,-19.50739,-20.1345,-16.81474,-15.73706,-17.42347,-16.02492,-15.5611,-15.92404,-17.37136
103.6631,32.07897,-17.28305,23.61228,19.87199,18.90992,18.45876,17.78947,16.48546,17.25288,16.00296,14.67641,15.15943,19.33844,19.14678,13.4633,10.893,8.666636,8.156857,5.648439,4.943326,6.065584,5.937289,8.44644,-3.55608,-5.095809,-8.727306,-4.923026,-8.702539,-13.38303,-13.60633,-16.02297,-17.04183,-17.68248,-14.69108,-16.42209,-12.51978,-9.130445,-12.81609,-10.80696,-14.09751,-14.68254,-20.75742,-28.72762
103.663,32.07898,-17.46032,21.09199,23.36899,17.59448,19.71048,16.66795,14.53597,19.5822,17.27493,20.15679,17.44671,15.36161,18.24065,14.15126,5.378836,6.903379,8.872702,9.543358,5.717071,5.839317,4.393142,3.330996,0.7697915,2.986457,-1.451262,-5.612096,-3.28913,-15.59559,-16.5349,-15.53621,-17.20259,-15.23062,-15.5442,-13.44752,-10.07858,-14.72722,-14.07224,-16.30145,-19.50307,-2.163586,-30.91126,-29.15173
103.6641,32.07895,1.685781,-1.482005,-1.455411,-2.911201,-1.675199,-0.6622728,0.06887314,-2.384404,1.582891,5.149329,5.392554,2.21807,1.745443,0.03736536,-4.356797,-2.899881,-2.7758,-6.026643,-6.396194,-1.658334,-3.852684,-1.694952,-0.7073684,-8.087577,1.301931,9.033971,1.574446,-0.02527347,-0.2731096,-0.1405092,-0.2028244,1.316359,-1.060329,1.506717,0.4927019,4.992211,3.409051,4.705635,3.388839,6.164416,0.5485742,5.651439
103.6639,32.07898,1.111694,4.506305,-2.427598,-5.222607,-3.878368,-2.565231,0.8616261,1.509411,1.574001,3.646363,0.6334053,2.329064,0.4136125,1.545616,0.8030249,-2.293741,-0.2898603,-2.726784,-6.346242,-2.29282,-0.7584688,0.04885347,-0.2944604,2.563062,-1.335976,-2.814414,-0.6383387,-3.053732,2.406346,-5.407043,-1.529555,-4.716568,3.168549,-0.422873,-1.62377,5.711287,5.494932,2.362818,9.266588,6.797747,2.053519,5.623248
103.6671,32.07862,1.87578,-1.072522,-3.397978,-6.121159,-4.55195,-4.324572,-3.7723,3.748677,4.805479,10.97874,3.897883,3.60008,0.9930124,1.081135,-2.682507,-2.438171,-10.32694,-5.083862,-8.198045,-5.37877,-6.04904,12.9707,-0.6091703,5.35024,-1.945563,3.802167,-6.805485,-1.58867,1.280514,-2.149458,-1.692963,0.926131,0.6851507,0.3613797,2.721006,2.125491,6.295671,4.197246,5.879196,5.359004,0.6082039,7.186725
103.6645,32.07902,1.899105,-1.605142,-1.346138,-2.315252,-2.842067,-2.613686,-1.243468,-0.3270815,-0.1203997,3.132409,2.347507,0.5517905,2.384215,2.539745,-3.089543,-2.969848,-3.505957,-5.372418,-5.150292,-3.849238,-5.267108,2.742285,0.6279205,2.15953,0.3663556,0.2211215,1.037801,1.247432,-0.6285071,0.01366671,-0.42629,0.2360815,1.55062,3.36567,-0.4870616,4.216298,4.346072,4.325395,2.721715,5.336633,1.696936,6.688338
103.6642,32.07905,2.30667,-2.016771,-1.817414,-3.521461,-3.196641,-4.374725,-1.214504,-0.3365536,2.069047,1.34953,-0.6707528,0.6590248,-1.063725,2.129827,-0.9591725,-3.277971,-2.958971,-3.803667,-4.026994,-3.097528,-4.786312,0.5074099,-1.502209,2.33683,-1.166055,0.6812267,1.087055,-0.01029081,0.3190473,0.01723414,1.663542,-1.545803,-0.6437824,2.512325,2.411997,6.334865,4.736154,6.23551,2.874863,6.034094,1.779966,6.198213
103.6642,32.07906,1.686033,0.4031627,-2.275628,-3.916013,-6.485723,-0.4723624,-3.605928,3.007237,-1.060852,0.58644,1.603753,0.6207073,-0.7846279,0.7133988,-0.3345199,-0.6618692,-5.145985,2.043432,-0.1013872,-4.560307,-4.726775,-0.8495223,-1.162088,11.70299,-0.1871826,-5.174616,0.4446191,0.6425418,-1.220867,-0.7955738,-0.6081918,0.5007381,-2.853736,0.4763066,2.216618,-2.26285,-0.42133,6.132457,8.529806,6.551033,4.04661,4.747787
103.664,32.07909,-0.4028841,0.06176066,1.287594,-1.887707,-1.891457,0.8319368,0.9639242,5.547391,5.232743,3.981994,6.278945,4.608126,0.6427869,2.279478,-0.5598597,-2.15869,-1.185095,-5.241905,-5.410316,-0.1237937,-2.185851,3.918931,-1.831137,-0.729318,-0.6614834,-2.574782,3.673032,-1.675557,-1.796827,-1.120326,-3.347593,-3.618657,-2.422885,1.257451,-2.663966,6.846168,2.739962,4.574364,-0.4404371,5.965535,-4.642236,1.731555
103.6643,32.07917,1.340615,0.08337778,-3.714606,-2.160535,-1.689876,-3.680894,-0.9458779,3.925688,2.021326,2.483868,0.4543574,-0.7407511,-0.4679751,3.001388,-1.090566,-3.826837,-2.803165,-4.533473,-3.207138,-0.6986215,-4.049734,0.921118,0.9053571,0.08463296,-0.3133458,2.86817,1.870747,-0.05620589,1.217863,0.8635116,-2.162748,-1.287859,0.554608,1.831322,1.445014,3.279189,2.473378,2.267507,2.648337,2.667815,1.602702,4.976587
103.664,32.07921,-0.904884,7.324584,6.827831,5.002335,6.72024,2.131908,3.276283,-5.72695,2.878198,2.923514,-0.2219638,12.37269,0.2712443,1.943315,-4.136536,-3.24378,0.4321261,-3.624876,-10.59847,-2.084253,-6.083043,0.7973312,-4.429083,1.930412,-3.392184,-8.339805,-1.195678,-2.112962,0.3776409,-3.638037,-0.1598943,-3.763695,1.824966,-0.3167884,-0.5739269,1.006165,6.266448,0.3374058,5.688617,0.16122,5.744848,8.267934
103.6638,32.07924,1.176033,0.8450699,-4.134858,-3.744278,-1.963418,-2.286985,3.834675,7.564021,-0.1187764,5.32168,5.540854,-1.498283,0.5266541,0.3485743,-2.813762,-6.531888,-1.251272,-7.355017,-6.622865,-3.25386,-0.5218648,4.74331,3.26025,6.908469,0.6455594,3.310251,-5.504807,0.8631949,1.067548,1.377584,-8.103586,-0.7189814,-1.08887,1.24174,9.377919,5.537188,0.6136861,-4.445721,4.812036,5.494678,0.09829362,4.205837
103.6625,32.07956,-13.44653,14.9186,15.26464,12.3993,15.63074,15.29183,15.08477,12.52138,16.7049,16.88429,16.4899,19.96804,12.42343,12.23931,2.014563,5.092147,3.6685,2.477592,-0.7702085,2.554934,4.514423,5.276609,-3.411349,1.283896,-2.848081,-6.033429,-3.298396,-5.095617,-10.92976,-8.734132,-10.15747,-9.854707,-9.13975,-10.48355,-9.905005,-9.79048,-12.1892,-6.525116,-13.89064,-14.14042,-19.07204,-31.08603
103.6644,32.07954,-0.8344691,3.442361,2.687592,2.164306,3.707699,-0.7325585,-0.2704827,2.5039,5.246397,14.63445,6.376157,0.9589821,4.189895,0.221917,-2.1016,1.474446,-3.938538,-5.217741,-4.992624,-7.18952,-6.669829,-1.226639,-6.798091,-3.335184,1.279773,-4.148062,8.041705,-2.169372,0.701862,0.1033701,1.977136,-6.187204,-1.120581,-3.137739,-8.961035,3.088255,2.520456,4.551036,3.175756,6.806438,2.228973,4.381088
103.6638,32.07962,-12.29382,27.38887,24.58353,24.57448,24.64827,21.71874,23.22718,25.29208,21.15653,14.29894,4.496361,5.531488,-1.905542,-0.5535655,-1.717749,-2.534739,-2.526399,-4.160747,-4.573935,-3.586623,-4.707819,2.597114,-10.66081,0.921678,-11.6593,-7.037039,-7.15828,-6.990794,-7.009043,-4.556754,-5.511737,1.040035,-8.166966,-3.056402,-8.039154,-9.867316,-9.033068,-11.3981,-12.90592,-12.67902,-5.282477,-10.46167
103.6646,32.07964,0.8330075,-6.801859,-7.343475,-7.34286,9.607221,-1.940516,4.018628,5.792871,4.106742,7.924744,6.859597,3.368824,3.602951,2.955129,-2.328048,-2.637744,-6.175853,-7.168899,-6.025395,-4.878918,-2.356604,2.32138,0.3061314,3.330276,-4.839678,-0.4273252,-1.713647,-2.20741,-0.8440313,0.2833799,-2.0212,-0.4929519,2.26175,1.86157,1.504707,0.9812587,1.382147,-0.4376873,4.3062,8.120961,3.325453,6.281673
103.6642,32.07969,-2.378394,0.7664145,2.083225,-0.1178308,-0.04780666,8.228316,1.360893,7.800694,8.77261,7.308437,8.833254,4.227967,2.509028,2.316602,-0.3161436,-0.8012959,-3.180281,-3.941586,-4.514606,0.4303215,-1.315542,4.807806,-0.1791169,-0.1690354,0.06045576,0.2024451,0.3156057,-3.724581,-3.849423,-1.085443,-4.015644,-2.262545,-2.922832,-1.179528,-2.980949,1.573391,-0.9706038,-0.5375594,-2.55197,0.992608,-6.080637,0.01888368
103.6632,32.07985,-5.201295,5.197571,1.038202,0.5444281,-5.764796,2.217509,5.362963,-0.9955179,7.798854,13.25374,10.89434,9.412699,10.1697,13.38774,4.156942,3.881105,5.854993,1.010094,-4.694537,-0.0476634,-0.1705502,12.66806,-0.7251729,-0.7547061,-0.2836636,-5.306183,-4.818654,-2.89878,-4.946832,-5.420179,2.138567,-1.643882,-4.723373,4.052994,-0.9079242,-4.695771,-1.467297,-4.833208,-9.045088,-11.60293,-19.79701,-14.96738
103.6646,32.07977,-1.788113,3.437958,2.075854,1.726805,2.108402,0.3180657,2.837147,6.676194,8.644447,11.16252,6.796222,3.802474,4.349014,-1.881588,-1.0853,-3.238517,-5.585993,-6.971358,-2.35709,-0.7767779,1.089148,5.919738,0.632072,-1.03397,-4.49962,-2.059694,-1.073702,-5.629114,-4.476917,-3.635148,-3.060396,-0.7971259,-4.130135,1.000863,-0.6125092,1.374404,0.06561656,2.146652,3.227536,2.600701,-1.874461,0.4068833
103.6644,32.0798,-1.537848,-0.1116283,2.962828,7.147222,5.619918,-1.633031,1.949753,10.92286,3.100061,7.06626,8.465939,5.119529,3.968146,2.916936,-0.3303811,-1.57242,-4.420945,-5.892543,-6.974495,-6.505895,-4.218822,1.059142,0.6049659,-0.01999679,-1.440716,-1.093198,-3.305978,-4.77632,-6.669282,-7.244603,-6.076822,5.073841,2.816121,-0.5296296,2.196698,2.373052,2.724771,2.186523,1.893399,4.575667,0.2840807,2.584585
103.6667,32.07958,-0.9448928,-3.908464,3.543697,0.6862596,-5.363662,12.48563,9.229292,3.814377,0.2311025,17.38469,2.703991,2.397216,-1.85187,-4.938995,-1.967255,-1.466868,-5.956669,-1.979589,-11.63472,0.2376514,-3.647066,9.638081,4.687878,11.35812,0.7941259,5.44319,-9.053683,-1.050494,0.565001,-0.1595444,0.07808611,-2.223148,-8.762413,-3.873464,-5.487119,-2.619388,-4.087883,-3.078672,4.95919,10.76251,-5.711511,1.716216
103.6641,32.07997,0.1139782,-0.5352575,-0.9572202,-2.384212,-0.1501328,4.73133,2.533563,4.26441,3.073278,9.508592,3.759824,6.952616,4.103236,-2.516951,-3.1618,-5.278025,-3.746824,-8.771942,-4.454766,-4.954115,-0.8122654,1.004239,-0.3622169,5.540236,-12.43605,-2.496196,2.944255,3.128826,3.912673,3.585678,1.073651,0.6523042,-0.4297255,1.352843,0.03223679,1.778123,0.5765985,4.277599,0.8521404,3.276134,-2.622257,-4.458033
103.6658,32.07984,1.90072,-3.401983,-2.972326,-2.869846,-6.354527,-1.740353,-3.609611,0.5409787,6.224861,6.037794,2.361998,4.283711,2.227541,0.8527635,-0.8809173,-4.165823,-4.224197,-3.693279,-4.429498,-5.496949,-3.976839,-8.066175,3.111369,4.787583,-1.378528,1.691867,0.4751609,-0.1365992,-1.452355,1.057835,1.516712,2.255855,-1.2222,2.224006,2.385639,4.560467,1.884338,1.106146,4.265307,3.241697,5.465547,5.603958
103.6617,32.08032,-16.86607,20.79807,19.00013,13.64073,19.3611,13.6345,20.64726,32.65827,22.55935,13.49951,8.466135,21.47153,27.81279,11.24078,14.53268,7.612201,-0.2108858,2.930161,5.571425,0.4669861,-0.8489029,4.197957,-3.918739,-8.405982,-3.393581,-6.348533,-7.194529,-12.56651,-18.03084,-4.797452,-13.89873,-18.0871,-17.82217,-5.131264,-25.13462,-19.1742,-17.62661,-22.26845,-18.94735,0.601183,-5.745737,-19.85005
103.6647,32.08001,2.120373,-1.436693,-1.982473,-2.41482,-3.051893,-4.883533,1.817554,-0.7101736,0.7058265,2.657995,4.189287,1.318447,-0.5145388,2.978934,-8.553298,-3.497168,-6.451645,-5.357023,-2.304201,-2.755378,-1.906476,5.283397,0.8650252,4.549217,-0.07009347,-1.567363,2.992842,0.8844332,-3.086842,-3.530361,-2.201304,-0.5780955,0.2810125,3.010019,2.299451,3.63302,1.819334,4.067706,16.32265,6.799564,2.624245,0.7643436
103.6674,32.07972,2.006732,-5.221067,-5.165915,-3.939225,-5.17007,-3.783195,0.4947085,4.042576,0.3166474,4.472667,5.456032,8.5873,4.80911,-0.1811778,-2.663361,-5.322274,-6.131169,-7.966235,-7.298012,-4.068768,-6.098471,11.80931,4.793446,5.631614,1.406766,-0.2677782,2.88892,-2.261172,-1.885664,-3.824066,-3.934153,-0.1940564,2.853314,3.645998,1.731183,3.325885,2.258704,3.915573,6.39309,5.92985,4.378502,5.709849
103.666,32.07993,1.39101,-1.629927,-2.026917,-5.994276,-3.460472,-1.503869,0.699053,2.211637,3.452183,6.195498,1.937057,3.806278,2.527719,0.2531041,-1.549098,-2.967821,-4.397682,-5.616012,-5.830039,-3.2991,-4.282718,4.130757,2.010421,4.798829,-0.604669,0.2047473,2.438318,-2.19761,-0.5482165,-2.700752,-0.9791046,-3.178295,0.1127953,1.109871,5.002579,4.855738,3.025012,5.329,2.706718,8.240103,-2.525674,3.841459
103.6657,32.07998,1.329927,-0.7638704,-4.156715,-4.611662,-4.953245,-4.173018,1.281938,2.380696,2.796709,2.201605,3.093735,4.62213,5.026479,6.611595,-5.249015,-5.46844,-2.727193,-6.479583,-8.310176,-6.003824,2.049441,8.693963,5.810806,4.497904,3.327249,3.116394,0.9200629,-0.9886767,-2.676239,-1.983261,-1.94296,-0.2166543,-2.892226,-1.564135,2.375557,0.640022,-4.701752,4.08538,9.243754,9.54897,-2.721035,3.73189
103.662,32.08041,-26.33776,29.14515,29.2471,24.56203,28.71704,27.31702,28.30343,33.12436,31.87222,32.86245,26.81676,22.70895,20.677,19.15755,14.28525,12.25828,7.958222,6.054562,5.899632,8.639525,7.611734,7.431412,-1.767357,3.345955,-4.383003,-7.367437,-6.754802,-11.97827,-15.96578,-19.77838,-22.16958,-21.31195,-19.05704,-23.95971,-23.40858,-19.88704,-21.9027,-26.27165,-28.42411,-32.90268,-45.41314,-36.03228
103.6618,32.08044,-25.81801,28.3596,26.88585,28.06439,27.45801,28.75504,29.47733,29.34812,29.53835,31.53006,28.55452,21.51302,22.22761,18.56736,9.823936,9.590454,10.0653,6.792004,6.778178,10.35919,7.152608,8.530967,0.162633,1.074552,-2.861972,-10.01262,-10.30836,-13.33256,-11.77308,-17.37976,-21.46471,-20.33574,-21.7029,-21.07187,-27.04338,-23.53687,-26.14933,-25.21563,-28.53877,-26.08348,-37.08037,-38.09032
103.6662,32.08004,1.367345,-1.322582,-1.801796,-4.712647,-3.522186,-3.948216,-1.423061,4.702568,0.9297044,2.743152,3.85661,3.819597,2.237987,1.442464,-1.522651,-3.94334,-2.551217,-3.521962,-6.557198,-4.949722,-5.075273,6.140847,6.320856,2.97732,-1.30299,1.232394,3.106071,-1.736066,0.3719351,0.7497039,-0.7057604,-2.122646,6.593803,3.473593,-1.476257,-0.5948471,3.983422,-1.130415,1.824867,5.166564,1.876075,4.600524
103.6659,32.08008,1.163869,0.4851346,1.492382,-4.039602,-3.916038,-3.700943,-0.3545481,-3.855006,3.681213,3.724358,3.125494,5.641504,4.602798,4.435547,-2.23094,-3.431886,-2.825809,-5.339244,-8.226622,-5.678517,-3.729381,5.95151,4.351464,3.021515,0.1448504,-2.029294,1.997311,-1.790557,-1.77166,-1.94425,-1.465332,-0.9475892,-0.1777361,3.276587,1.124203,5.196069,3.274234,3.552523,2.901583,5.631961,1.481656,2.754066
103.6622,32.08051,-25.38981,26.07489,28.9043,22.87522,24.57248,28.42496,29.79135,28.69574,32.07904,32.56887,29.30589,23.99539,21.32355,18.9432,13.49065,12.74621,9.68086,7.082591,6.386539,5.117615,5.621952,3.947046,0.9781038,2.906893,-4.583369,-8.55279,-9.520044,-13.32503,-14.45969,-17.2671,-22.84043,-19.94862,-21.04709,-24.11001,-21.90127,-22.39191,-24.14856,-26.9761,-26.31166,-30.85455,-34.15526,-32.4747
103.662,32.08053,-23.51414,26.41754,28.41521,24.53379,26.05998,27.2169,24.96087,29.15623,26.60923,28.51168,26.03731,21.95395,18.41605,16.92314,8.809283,9.676267,6.933653,7.217117,4.181145,7.029165,4.915954,10.54879,-0.3114478,0.1152715,-7.2911,-7.303021,-9.807233,-14.24615,-15.60318,-15.3863,-19.60586,-19.50825,-15.00712,-19.64021,-19.13574,-18.00854,-22.07567,-25.57585,-24.88878,-27.80438,-38.31525,-25.31303
103.6662,32.08017,1.802986,-2.369853,-0.3897891,-3.869371,-5.297193,-3.980107,1.103096,1.448042,2.41695,5.090391,3.225048,2.089793,0.9254864,1.39821,-2.606858,-4.777851,-4.08838,-6.386913,-5.668452,-4.751668,-2.539294,3.692479,2.821301,5.339351,2.372158,0.3716947,2.724748,-1.828906,-0.1220791,-2.693823,-1.646445,1.470533,-2.640721,1.873188,3.121514,4.976775,3.355878,5.594994,4.268828,8.568298,-2.449289,2.742873
103.6659,32.0802,1.003898,-5.301679,-5.817147,-7.55704,-3.476287,-2.529672,3.044243,4.48505,4.465403,6.087034,14.23705,9.076776,8.623214,3.769849,-3.030743,1.389642,-8.624231,-12.99696,-9.405235,-6.384838,-12.92969,4.652934,4.102842,6.327989,0.8658289,10.07432,4.381914,-0.2746396,-1.663388,-0.5371779,0.1352091,1.550114,0.1394409,0.8087137,1.523496,0.9364166,0.3107168,2.575371,1.929732,5.404916,0.6062666,-4.183138
103.6622,32.08063,-23.4254,29.78068,22.13699,20.31242,25.17351,31.49228,26.05996,26.0806,28.2633,30.53267,24.99295,21.70219,19.74146,16.74705,10.5011,9.154372,9.822904,5.092504,5.68157,7.21977,5.110604,7.921902,0.6829609,2.60682,-3.830899,-7.941833,-10.65285,-15.20236,-16.05622,-20.58723,-19.12545,-19.18276,-20.16365,-20.85888,-21.96439,-18.0486,-22.28186,-23.36383,-23.76974,-23.6302,-31.62444,-27.29737
103.6664,32.08027,1.405914,-3.043507,-5.047266,-4.413763,-1.236991,-4.509417,-1.068764,3.193967,5.654396,4.224404,6.380364,4.801331,4.106064,2.801342,-3.49764,-4.933942,-5.999283,-7.474438,-5.624956,-3.457189,-3.321133,6.762476,4.958038,5.123742,2.489223,-0.5140516,0.6652922,-3.713201,-3.43646,-3.096767,-1.895247,-0.782088,-0.9497119,-0.9215191,0.2807895,5.340886,2.974573,3.920947,5.14457,6.923852,3.983956,5.324203
103.6661,32.0803,0.9865468,-6.038127,-6.330411,-6.68829,-4.721374,-3.04308,1.024213,5.645213,6.061188,6.298274,10.3599,5.461572,4.71091,7.360413,0.07546222,-6.562548,-5.09119,-4.804348,-7.259964,-5.943481,-1.956873,7.987987,1.770396,5.550464,1.73286,0.6993506,1.839446,-2.516346,-3.920339,-1.852195,-1.545637,-3.772978,1.168782,-0.8919084,-0.8582068,4.9651,1.165012,2.100718,4.384302,4.795744,4.236078,3.003662
103.6622,32.08076,-24.8814,28.49645,24.01688,28.01386,25.78623,25.01229,31.35546,30.60958,28.78481,21.83728,28.70973,23.72131,23.42407,19.14414,14.04109,10.89487,8.525366,6.341971,6.072306,6.3549,6.282381,9.003696,4.530855,1.549981,-7.083006,-6.500817,-10.4588,-16.16055,-18.0134,-21.54625,-21.06791,-22.43731,-32.61757,-23.02707,-22.37125,-18.92757,-21.9368,-22.30683,-23.65335,-32.38829,-34.98258,-18.94698
103.6664,32.08038,1.064389,-1.451116,-2.717185,-6.060418,-1.367903,-1.007441,1.941027,3.209559,2.95553,3.723721,3.698558,2.804132,3.544106,3.299105,-1.712072,-3.992883,-4.762515,-5.867134,-5.425502,-4.208546,-3.833797,8.881618,2.889724,4.100913,1.667285,-0.6306496,-2.358366,-4.757665,-2.939211,-1.116133,-1.865471,-0.9216291,0.2139199,0.8465568,2.369534,2.273099,4.435963,3.895737,3.427897,5.476776,1.651047,4.356608
103.6668,32.08084,-0.402203,-0.4226981,-2.709134,-2.204998,-0.8749884,-1.405813,1.747133,6.251616,4.879144,5.64951,5.629218,5.588981,4.315235,3.051483,-2.113811,-2.830948,-4.465779,-6.30738,-4.418785,-3.203578,-2.528884,7.013252,6.047898,7.329406,1.373875,-1.137651,-1.167104,-3.709065,-3.581148,-2.802772,-3.66723,-2.106469,-2.8903,-0.9549982,0.5373724,2.582934,2.53705,1.535013,2.505133,2.457314,-1.172079,0.4825959
103.6667,32.08085,-0.3539396,-1.233708,-2.245559,-2.00764,-2.097408,-0.9994245,2.251622,5.554166,6.278599,5.989672,5.77959,6.17456,6.142115,1.742807,-1.998635,-3.389616,-4.22437,-5.84398,-5.732743,-3.121675,-1.402592,8.355742,4.717014,5.724544,1.249839,0.338968,-0.8565381,-4.73798,-3.994928,-3.859902,-4.38655,-3.15565,-5.501296,-1.298315,-1.03089,2.798146,3.939291,2.384639,3.692906,4.618621,-0.123283,2.440196
103.6666,32.08087,-0.605145,0.0785365,-2.658175,-2.046837,-1.495834,0.5813727,1.821913,6.264336,5.575059,5.82597,6.563589,5.647501,5.61446,1.771641,-1.418085,-3.741842,-3.380086,-5.529748,-4.579762,-3.764117,-3.21876,7.744469,5.63844,5.064407,2.387797,-0.675019,-0.4914207,-3.782009,-4.426559,-3.67047,-2.958243,-3.852813,-1.247837,-0.3391153,-1.132318,2.786943,1.955953,3.058017,1.917056,2.029425,-1.447619,1.577741
103.6664,32.08089,-1.717522,1.604908,-0.1358494,-0.9647484,0.2411703,0.8810638,3.724298,10.9205,6.502975,7.967075,4.975828,5.887142,3.844243,2.595214,-1.066251,-2.536991,-2.77521,-6.276664,-3.883797,-4.535003,-1.712224,6.624225,6.299101,5.437392,1.205518,-0.7716078,-0.7639557,-3.786064,-4.858725,-3.369106,-5.245419,-3.426196,-1.016208,-0.6026071,-3.210723,1.040844,0.9766429,0.540365,0.4588411,2.317885,-2.394564,-0.3910793
103.6673,32.08101,-1.318711,2.351773,-4.094336,-3.980037,0.1096941,0.3670191,2.832997,8.504046,5.239356,7.907726,3.882815,5.704786,4.833559,3.165048,1.075903,-1.277527,-3.671083,-5.023738,-4.387615,-2.830201,-2.212621,5.173297,6.376916,8.608404,0.3829611,0.6952923,-1.06251,-3.015579,-4.438963,-6.203309,-5.28479,-3.260953,-4.332091,-2.013472,-0.4033877,-1.077115,0.3853543,3.363802,1.258847,2.646864,-2.434039,1.630911
103.6671,32.08104,-2.305915,3.626181,1.067677,1.732499,0.7558727,2.21092,4.831717,8.649011,8.004845,9.072035,8.393684,7.61088,4.86967,4.914794,-1.406127,-4.15384,-8.909184,-6.328653,-4.932989,-2.866623,-5.580872,5.98889,3.541984,6.786111,4.382679,1.023285,0.5046063,-3.314865,-5.081039,-6.317574,-4.952341,-3.735187,-3.826613,-2.703362,-2.733094,0.6279363,1.123425,1.602514,-1.849005,1.075984,3.760807,-3.024829
103.667,32.08107,-0.86088,-0.6846448,-0.01104218,-1.664444,-0.619938,-2.806877,2.13504,-2.918996,7.378917,11.40506,9.005364,6.023573,6.320158,4.950731,-2.175633,-1.536976,-2.11764,-5.645804,-6.020842,-4.162009,-2.244104,4.549571,4.401644,5.415718,1.613629,-0.1412048,-0.6179399,-4.421833,-3.601578,-3.781729,-1.957098,-3.271304,-8.723785,-1.248757,-1.205425,2.164238,-1.405818,2.444327,0.06927751,4.531507,0.485112,4.886971
103.6666,32.08112,-3.275796,0.2941461,-1.857355,-1.978279,1.028386,5.04846,5.045074,6.034383,9.655026,13.50833,11.56966,7.978199,7.431718,3.919599,0.3113274,-0.8075331,-4.503551,-4.674746,-3.696386,-1.989598,-1.15906,8.330791,7.0188,8.248069,1.274423,-1.498473,-2.526228,-4.469426,-5.577678,-6.288527,-5.296056,-5.301799,-7.983044,-2.055213,-4.223645,-1.42709,0.9870948,-1.002272,-1.179704,-0.9949778,-4.113926,-4.086422
103.6665,32.08127,-3.74556,4.35649,0.4759024,1.810331,3.329391,1.250109,-0.3372922,7.156779,7.09922,15.00126,10.42417,6.898268,6.511462,7.561991,0.8375614,-1.396152,-0.9904198,-2.763375,-4.436777,-5.136411,-1.985716,5.569402,4.655573,6.161048,2.903778,-1.705457,0.8108634,-2.817021,-6.197979,-4.102699,-5.070668,-4.365546,-3.146246,-3.980838,-7.334408,-0.5933602,-2.278466,-5.783132,-1.593382,0.1454444,-2.585095,-5.531805
103.6639,32.08307,-6.093929,5.14255,4.897332,2.654372,4.767464,7.521581,7.117183,8.207421,8.281939,11.82237,10.5408,9.076856,8.822245,7.533183,0.4566414,0.4898931,-1.214775,-1.518633,-1.164871,1.617183,3.746023,5.227071,-0.5787932,-3.755972,-3.830837,0.8787338,-2.131868,0.3521859,-0.3980578,-3.601088,-8.431063,-6.000868,-4.876647,-3.365873,-4.660021,-5.631341,-4.000665,-8.206199,-5.153657,-4.479126,-13.35889,-12.02373
103.666,32.08287,1.870389,1.268022,12.73789,9.95662,4.809303,-2.212585,2.098829,-3.095586,-0.130483,-3.146771,-1.270825,0.9456785,-3.284686,-9.148807,-5.162564,-5.86323,-5.086849,-10.88154,-11.61892,-8.917322,-7.256844,5.107478,2.301724,4.846179,-2.131027,2.337165,0.4424128,-0.21686,3.168668,1.868794,1.55555,1.186833,1.627198,1.183295,4.679093,4.352633,2.678505,5.786676,5.09562,7.236356,4.322983,5.069279
